{
    "tile_size": 1,
    "data": [
        [
            70038.60260279925,
            94047.78178168794,
            91730.22669353696,
            86840.4756611592,
            84700.58087888377,
            81540.17533165257
        ],
        [
            71466.1798237193,
            94136.83798025035,
            89995.570733632,
            91651.03672284994,
            92737.61201321086,
            91940.91511704566
        ],
        [
            73254.35603373268,
            90798.81646564817,
            92041.22915622834,
            93874.35868092097,
            86638.13996682939,
            85912.50829487608
        ],
        [
            69765.9575005207,
            91732.16768702026,
            90462.68489940024,
            95097.51282744785,
            85768.65229939565,
            94176.43732525222
        ],
        [
            70481.9983611675,
            91263.89486080736,
            86897.44769111992,
            84196.9511816393,
            89506.68220033369,
            84365.11302087389
        ],
        [
            71026.86713730122,
            87864.6314204604,
            86933.16089416025,
            85531.11669265816,
            90242.35233709337,
            86136.87496629953
        ],
        [
            71396.90214375572,
            89524.19207574037,
            92104.4309560048,
            93711.00120250283,
            92333.1460318924,
            85415.28540556107
        ],
        [
            73295.60975694435,
            89839.78099846792,
            90679.06740447125,
            90621.51283570341,
            87876.26329030958,
            92217.23742973604
        ],
        [
            71411.36929832891,
            86361.05933857453,
            80286.77825804113,
            81871.15268207308,
            85621.14322643784,
            85350.2707542101
        ],
        [
            72802.10995671552,
            88429.94550789306,
            89476.3598750699,
            87777.84825245275,
            84605.12541478545,
            86477.13954214884
        ],
        [
            73663.558661691,
            90660.54424943624,
            90427.68554558857,
            85511.71034223899,
            88955.52995330533,
            89714.5537667886
        ],
        [
            77787.96914140787,
            91600.24742804552,
            88315.42694634016,
            89095.83364926324,
            88164.01363545962,
            93023.08319896732
        ],
        [
            70397.51260821612,
            90088.52647172332,
            86228.5726588141,
            88616.21419761199,
            85268.1235937968,
            88719.5763128583
        ],
        [
            75319.67077777916,
            95909.57440444588,
            92316.7945615224,
            94523.55297239401,
            88962.61951249387,
            92295.22091756454
        ],
        [
            67942.8240083424,
            85062.41083838498,
            81764.6287798349,
            85267.06558591173,
            86074.83402254312,
            89949.22965554187
        ],
        [
            70829.33895357997,
            89282.34482918623,
            88192.83000278067,
            90628.61044560302,
            93643.83475727795,
            92277.92130311724
        ]
    ]
}