{
    "tile_size": 1,
    "data": [
        [
            21339.6498082804,
            21559.49362481254,
            21924.4324291682,
            21911.765067522912,
            21878.617210268898,
            21806.529569646926
        ],
        [
            21376.982372745188,
            21743.759505154943,
            21674.48017843519,
            21609.126398525048,
            22249.68453256293,
            21841.88402711799
        ],
        [
            21271.685383380267,
            22020.01796767902,
            21602.89824604025,
            21853.02428407173,
            22121.54778640375,
            21801.065110158248
        ],
        [
            20940.398196977265,
            21746.697868242518,
            21301.081310606576,
            21527.577680914714,
            21553.674844329893,
            21334.934342085944
        ],
        [
            21033.898507637332,
            21422.996897172092,
            21410.379076854653,
            21689.92435202461,
            21254.16656755853,
            21471.038572299673
        ],
        [
            20998.703401593735,
            21884.24708915289,
            22046.1451703452,
            21659.171093976714,
            21598.38767644954,
            21602.099952451812
        ],
        [
            20219.988739763452,
            20996.611850785677,
            20856.339170031693,
            20529.936722639355,
            21003.947563213555,
            20898.618084873426
        ],
        [
            21074.339759961327,
            20989.52209517972,
            21033.19597996441,
            21315.872913946627,
            21205.724032826092,
            21427.283861636457
        ],
        [
            21134.528668872274,
            21450.58270330095,
            21508.32023003888,
            21646.345902504487,
            21073.03751725597,
            21150.440720162682
        ],
        [
            20808.89528986561,
            21128.38253334072,
            20585.215053928736,
            20406.29932352674,
            20100.06264976582,
            20967.496147865346
        ],
        [
            18536.11370922473,
            19278.071583151523,
            18351.14883729461,
            18933.159249460976,
            19620.592266449956,
            18754.833509789634
        ],
        [
            19404.945217420922,
            18229.29418870379,
            18281.052420721422,
            18417.12355358552,
            18326.65096317908,
            17881.21982114729
        ],
        [
            20831.182801410927,
            21503.10303104871,
            21301.624854604055,
            20779.851199982302,
            21513.121725522138,
            21623.75989051839
        ],
        [
            21552.372876055815,
            21758.223773698603,
            21913.816013958873,
            21964.936934908434,
            21984.80301119223,
            21929.214231805472
        ],
        [
            19745.75819134353,
            19870.890393239813,
            18494.123536133502,
            18610.403936147894,
            19578.407481078335,
            19547.709937873693
        ],
        [
            21397.487196404716,
            21487.57831815836,
            21771.458320243677,
            21785.527358076415,
            21804.236741092045,
            21831.421430795814
        ]
    ]
}