{
    "tile_size": 1,
    "data": [
        [
            42638.522036005976,
            45446.75143424372,
            44881.281401804445,
            44987.923466885615,
            45589.874547631705,
            45236.417014622944
        ],
        [
            42558.331215160055,
            43147.109167948794,
            44586.101836884445,
            45607.444582402204,
            46000.38436113011,
            45540.38459347573
        ],
        [
            42367.47623506482,
            46305.822570672746,
            45902.82460937192,
            46491.14039537436,
            44476.71227507815,
            45592.87225842433
        ],
        [
            42744.541912014225,
            46129.36090717117,
            45827.53772586473,
            47313.924337098804,
            47709.45825256944,
            47348.54852173775
        ],
        [
            44630.4776624483,
            47020.6664611555,
            45894.57771657751,
            45849.46527506257,
            46774.894339879924,
            45256.397123367744
        ],
        [
            43667.24297942033,
            46876.94132387015,
            46256.276809714735,
            47504.328061126034,
            46725.33631614042,
            47280.869761969734
        ],
        [
            42347.46331737618,
            44693.089685281826,
            46262.15908615474,
            46503.73125349829,
            46059.3343590815,
            46255.50952877264
        ],
        [
            43973.36187241281,
            44601.86500549686,
            46095.610064507884,
            46485.91031226018,
            46396.09669636346,
            46056.579771555225
        ],
        [
            43833.98744475713,
            44877.83145226309,
            47080.9685779465,
            47769.2646081594,
            45673.70299573386,
            46625.21953654662
        ],
        [
            42715.13527311632,
            45175.939385916645,
            46273.39951507228,
            46469.24368686686,
            45304.618633570455,
            46378.728299255454
        ],
        [
            43860.08284305157,
            44984.940924833696,
            46920.87988715895,
            44723.95284279052,
            46777.36122721409,
            46647.8348062809
        ],
        [
            44581.865899081524,
            45031.90509309505,
            43999.13191780469,
            47820.492551002084,
            45095.36954387559,
            44883.70330409557
        ],
        [
            43245.856208630175,
            44698.41713627195,
            44362.3025265307,
            45925.76944737937,
            45236.002065112145,
            46226.93563633971
        ],
        [
            42696.193344188214,
            45782.93100896591,
            46950.156474957905,
            47055.23958698432,
            45899.522942180796,
            46209.63262477507
        ],
        [
            43644.47658465235,
            45780.04062661559,
            46983.16042130432,
            46573.61923132946,
            45630.545346475556,
            44869.84213798246
        ],
        [
            42860.941617815435,
            45444.108109056484,
            45678.01072709425,
            44839.99457918455,
            45205.43721628375,
            47436.45798686946
        ]
    ]
}