{
    "tile_size": 1,
    "data": [
        [
            91709.00582701754,
            142712.7491889604,
            148903.8630216704,
            149240.27041863068,
            139333.5908239134,
            142490.31674965774
        ],
        [
            92057.61160032912,
            150913.3055477271,
            141166.33671812725,
            144330.05652002242,
            139118.86584868561,
            135550.0298451697
        ],
        [
            93750.13016454563,
            152145.90253327822,
            138029.9883703973,
            149199.76036191086,
            139867.97547974112,
            151983.924486353
        ],
        [
            94126.01300274885,
            152525.54627542238,
            150179.26669860233,
            145381.4791957572,
            141950.06424875252,
            140426.49888087987
        ],
        [
            90219.63900926692,
            142835.624476333,
            139773.31913915218,
            142112.09302287613,
            138334.65138047264,
            141998.68173234246
        ],
        [
            90895.15051540222,
            148741.91457353407,
            142227.0033004835,
            134614.53297186556,
            133874.2441949672,
            132902.37912742296
        ],
        [
            96362.10507161374,
            140801.1398239267,
            140675.86893768213,
            133619.13554518117,
            134126.82644128293,
            132853.27998930085
        ],
        [
            90187.1340719066,
            142933.64332191763,
            140735.62636695115,
            135873.64241672718,
            136607.1004161056,
            143751.03175917594
        ],
        [
            93547.3899376335,
            140686.94555318114,
            139290.3621403621,
            133915.90027233615,
            134031.07699909847,
            150066.57384190356
        ],
        [
            97892.11690311703,
            151765.29986117664,
            151967.495165287,
            141437.5729083387,
            134429.5231795194,
            133310.92436273067
        ],
        [
            89208.03405542774,
            136662.33952151798,
            145866.97213431928,
            137283.7095498987,
            142831.80570903522,
            135842.53031070088
        ],
        [
            93800.49420181915,
            148597.70024208515,
            131517.33376082312,
            141053.05803311057,
            145824.274178817,
            140411.5151673812
        ],
        [
            90791.31537345525,
            145522.4182274121,
            140694.40724857617,
            154029.27916495764,
            141157.87599210587,
            146772.83282465715
        ],
        [
            90289.16479469456,
            143710.21573097009,
            140668.84201683296,
            148413.52784193732,
            134834.42204588375,
            135876.9802532526
        ],
        [
            92434.94189851747,
            136460.43765351913,
            140735.86163818545,
            144079.3520915698,
            137912.80146132628,
            140275.47527349155
        ],
        [
            88736.91084865516,
            144372.3021986317,
            141518.3545449428,
            137574.71227073474,
            128152.73434701309,
            136439.40628883842
        ]
    ]
}