{
    "tile_size": 1,
    "data": [
        [
            13231.47378006562,
            13311.67789043015,
            13223.980604692735,
            13373.789789704715,
            13331.76111522531,
            13240.417166906083
        ],
        [
            13098.842821252481,
            13259.138972897039,
            13247.097364352174,
            13159.422480522851,
            13420.823656658486,
            13162.406288541784
        ],
        [
            13174.194639521369,
            13319.739300559537,
            13311.272872333398,
            13532.822946815122,
            13420.690724833214,
            13279.757049109461
        ],
        [
            13058.492511714127,
            13172.943131842048,
            13184.141181464374,
            13209.00250259745,
            13290.513473732624,
            13245.44705499139
        ],
        [
            13006.484624271074,
            12387.717741793975,
            12053.289249377962,
            12470.604140995252,
            12286.31479905667,
            12350.265585944793
        ],
        [
            12237.776255637753,
            11620.065435750364,
            12217.954495398595,
            11923.407183356881,
            12226.494235409356,
            11476.26534892789
        ],
        [
            13082.503586876934,
            13421.258360462758,
            13355.631854694659,
            13267.732064294158,
            13280.639927448065,
            13335.507968146232
        ],
        [
            12839.74783543285,
            13136.963156002497,
            13083.29214968286,
            12991.798829345093,
            12965.11010897755,
            13080.042981399072
        ],
        [
            12723.00277050633,
            12072.694756169649,
            11862.596495004032,
            12064.221014855862,
            11964.619664707583,
            11891.97046609575
        ],
        [
            13071.654818720583,
            13146.154734089683,
            13215.762687160208,
            13232.778349808888,
            13337.332670181853,
            13256.260942826037
        ],
        [
            12922.497235773048,
            13441.742163959698,
            13043.178157366201,
            13358.080159578274,
            12669.565151829804,
            13195.6356571405
        ],
        [
            12911.218250995878,
            13135.822774920027,
            13165.912270826779,
            13179.685092660802,
            13279.28918727799,
            13236.05527267879
        ],
        [
            12977.834027556664,
            12732.135680948319,
            12754.308460816554,
            12625.222521461092,
            12487.781541591015,
            12580.937215169539
        ],
        [
            13032.350271317955,
            13288.900640435912,
            13147.112617916298,
            13257.871398418072,
            13344.77945437661,
            13159.982581590884
        ],
        [
            13195.30876423048,
            13456.19341970698,
            13328.449986205262,
            13487.784562055669,
            13408.908801571464,
            13284.734045044066
        ],
        [
            13196.425610343405,
            13227.500642828856,
            13058.80374083234,
            13203.632441201371,
            13248.23873359224,
            13160.109434579836
        ]
    ]
}