{
    "tile_size": 1,
    "data": [
        [
            69765.3334674431,
            78662.66640219177,
            74423.82710807829,
            79393.76159087566,
            79022.06115905251,
            75896.42011474755
        ],
        [
            65700.37036935997,
            73620.33144358525,
            74987.23073347988,
            73504.727294428,
            73437.86172719822,
            73027.46828146202
        ],
        [
            67265.61210671645,
            76674.05293144252,
            77346.20565773975,
            77391.3672537244,
            73043.87357230317,
            76814.68079473216
        ],
        [
            63445.290027581985,
            73257.73392450938,
            69487.89260528082,
            73096.57867915745,
            68633.0605656394,
            70690.86315510425
        ],
        [
            64459.2676980664,
            75576.81500542139,
            70486.53433015318,
            78760.21640694191,
            73479.2458831054,
            75435.44550392783
        ],
        [
            68233.42937105613,
            76766.1156361969,
            78394.31300609847,
            76577.84234674806,
            74593.05226511027,
            74092.14179511556
        ],
        [
            64646.63089724317,
            78527.78980806642,
            73149.28204340042,
            73868.76807330006,
            80502.2433648668,
            72545.78370727572
        ],
        [
            66177.11201530605,
            73904.71050392691,
            74204.12572916187,
            74193.90500578695,
            77775.32590333183,
            77801.34020349309
        ],
        [
            64300.543845463755,
            75482.77717903847,
            77795.0181239439,
            77915.8262798227,
            73705.90762130659,
            78042.41120939328
        ],
        [
            68901.57692996494,
            77749.38063948842,
            77986.64451645079,
            72525.90289155698,
            73735.51164919989,
            75334.40915985046
        ],
        [
            66845.83228634857,
            77111.05497799994,
            73344.36973770565,
            75073.31776584085,
            75035.42114684323,
            75662.65410087026
        ],
        [
            65089.37767730689,
            71439.61432590798,
            79079.81007222312,
            74727.02156439332,
            77356.5662541655,
            77949.83543095653
        ],
        [
            67438.25627541792,
            76208.25473386419,
            72845.13762098431,
            73303.03929244413,
            74480.96347823521,
            76948.26708083354
        ],
        [
            65903.85592048426,
            71515.52572746536,
            73446.03551476524,
            74621.02495745498,
            75073.42850968716,
            73968.51714520848
        ],
        [
            66483.78849557083,
            75179.69402951367,
            70934.65619915881,
            72087.05418532576,
            76794.02129435449,
            72845.49594755893
        ],
        [
            66623.63802953479,
            72759.82288258985,
            77961.05475901862,
            78351.8279872855,
            77243.96091321537,
            72761.12351703901
        ]
    ]
}